url,status,redirects_to,title,title_len,meta_desc_len,h1_count,h1,words,images,images_no_alt,schema
/,200,,"Digital Marketing Freelancer in Bangalore, India | Shreyas V Patil",66,247,1,"Digital Marketing Freelancer in Bangalore, India - Shreyas V Patil",2454,36,1,ContactPoint|GeoCoordinates|Offer|OfferCatalog|OpeningHoursSpecification|Person|PostalAddress|Service|WebPage|WebSite
/best-digital-marketer-in-india,200,,Best Digital Marketer in India - Shreyas V Patil (10+ Years Exp),64,136,1,Best Digital Marketer In India - Shreyas V Patil,885,44,24,NONE
/blog,200,,Blog | Eeat Minds,17,96,0,,1489,62,0,Blog|BreadcrumbList|ListItem|Organization
/contact,200,,Contact | Eeat Minds,20,62,1,Get in Touch,133,3,1,BreadcrumbList|ContactPage|ListItem|WebSite
/digital-marketing-freelancer-in-chennai,200,,Digital Marketing Freelancer in Chennai | EEAT Minds,52,241,1,Digital Marketing Freelancer in Chennai,1984,21,4,NONE
/digital-marketing-freelancer-in-hyderabad,200,,Digital Marketing Freelancer In Hyderabad | EEAT Minds,54,243,1,Leading Digital Marketing Freelancer in Hyderabad,1918,36,1,NONE
/freelance-social-media-marketing,200,,"Freelance Social Media Marketing In Bangalore, India | Eeat Minds",65,169,1,"Freelance Social Media Marketing In Bangalore, India",1798,35,14,BreadcrumbList|ListItem|OpeningHoursSpecification|Person|PostalAddress|ProfessionalService
/freelance-web-designers-in-bangalore,200,,Freelance web designers in bangalore | Website designers in bangalore,69,140,1,Hire Expert&nbsp; Freelance Web Designers&nbsp; in Bangalore &nbsp;,405,12,1,BreadcrumbList|ListItem
/outsource-digital-marketing-services,200,,Outsource Digital Marketing Services | Boost Your ROI,53,159,1,Unlock Growth Potential with Expert Outsource Digital Marketing Services,1275,12,10,NONE
/paidadvertising-1,301,/seo-freelancer-in-bangalore,SEO Freelancer in Bangalore | Shreyas V Patil — EEAT Minds,58,148,1,"SEO Freelancer In Bangalore, India",2234,125,12,Answer|BreadcrumbList|City|Country|FAQPage|ListItem|Person|PostalAddress|ProfessionalService|Question
/post/7-cs-of-digital-marketing,200,,Unlocking the Power of the 7 Cs of Digital Marketing for Success,64,180,1,The 7 Cs of Digital Marketing: A Comprehensive Guide for Effective Strategies,1092,7,0,BlogPosting|ImageObject|Organization|Person|itemPage
/post/ai-in-digital-marketing,200,,AI in Digital Marketing - The Ultimate Guide,44,150,1,AI in Digital Marketing - The Ultimate Guide,1514,7,0,BlogPosting|ImageObject|Organization|Person|itemPage
/post/ai-insights-from-digital-marketing-experts,200,,AI and Digital Marketing: Unveiling Secrets from Top Industry Experts,69,149,1,Harnessing AI Secrets: Insights from Digital Marketing Experts You Haven&#x27;t Heard Befo,1157,7,0,BlogPosting|ImageObject|Organization|Person|itemPage
/post/benefits-of-hiring-seo-expert,200,,Why Hiring a Professional SEO Expert Benefits Your Business,59,146,1,Why Hiring a Professional SEO Expert Benefits Your Business,1885,7,0,BlogPosting|ImageObject|Organization|Person|itemPage
/post/benefits-of-outsourcing-digital-marketing,200,,Benefits of Outsourcing Digital Marketing | Boost ROI &amp; Growth,66,162,1,Benefits of Outsourcing Digital Marketing: Why It’s a Game-Changer for Your Business,1679,8,2,BlogPosting|ImageObject|Organization|Person|itemPage
/post/best-seo-freelancer-in-bangalore,200,,"Unveiling the Best SEO Freelancer in Bangalore, India | Eeat Minds",66,142,1,"Unveiling the Best SEO Freelancer in Bangalore,India Featuring Shreyas V Patil",1248,7,0,BlogPosting|ImageObject|Organization|Person|itemPage
/post/consumer-behaviour-in-digital-marketing,200,,Understanding Consumer Behaviour in Digital Marketing: Key Insights for Marketers,81,156,1,Understanding Consumer Behaviour in Digital Marketing,942,7,0,BlogPosting|ImageObject|Organization|Person|itemPage
/post/difference-between-on-page-and-off-page-seo,200,,The key difference between on-page and off-page SEO | Eeat minds,64,147,1,Difference Between On-Page and Off-Page SEO,1207,7,0,BlogPosting|ImageObject|Organization|Person|itemPage
/post/digital-marketing-for-doctors-india,200,,Effective Digital Marketing for Doctors in India | Grow Your Practice,69,163,1,Effective Digital Marketing for Doctors in India to Grow Your Practice,1454,10,0,BlogPosting|ImageObject|Organization|Person|itemPage
/post/digital-marketing-freelancer-in-hyderabad,200,,Digital Marketing Freelancer in Hyderabad | Expert Services &amp; Results,73,165,1,"Digital Marketing Freelancer in Hyderabad, Your Complete Guide to Finding Expert Growth Pa",2471,7,0,BlogPosting|ImageObject|Organization|Person|itemPage
/post/digital-marketing-freelancers-in-india,200,,Top10 Digital Marketing Freelancers in India 2026,49,143,1,Top10 Digital Marketing Freelancers in India 2026,1132,7,0,BlogPosting|ImageObject|Organization|Person|itemPage
/post/digital-marketing-goals,200,,Digital Marketing Goals: Achieve Success with Clear Strategies,62,152,1,Digital Marketing Goals: A Comprehensive Guide to Achieving Success,1351,8,0,BlogPosting|ImageObject|Organization|Person|itemPage
/post/digital-marketing-services,200,,Understanding Digital Marketing Services: Insights for Business Owners,70,153,1,Understanding Digital Marketing Services: Essential Insights for Business Owners,1151,7,0,BlogPosting|ImageObject|Organization|Person|itemPage
/post/digital-marketing-strategies-business-owners,200,,Digital Marketing Strategies For Business Owners: A Comprehensive Guide,71,163,1,Unlocking Digital Marketing Strategies: A Comprehensive Guide for Business Owners,1238,7,0,BlogPosting|ImageObject|Organization|Person|itemPage
/post/eeat-seo-strategies-for-indian-tech-startups,200,,E-E-A-T SEO Strategies for Indian Tech Startups 2026 | EEAT Minds,65,196,1,Proven E-E-A-T SEO Strategies for Indian Tech Startups 2026,2831,7,0,BlogPosting|ImageObject|Organization|Person|itemPage
/post/effect-on-ppc-due-to-various-government-policies,200,,Effect on PPC Due to Various Government Policies | Digital Advertisement Policies,81,148,1,How Recent Government Policies Are Shaping PPC Advertising Trends,1925,8,2,BlogPosting|ImageObject|Organization|Person|itemPage
/post/facebook-advertising-effectively,200,,How to use facebook advertising effectively | Guide,51,163,1,How to Use Facebook Advertising Effectively for Lead Generation,901,7,0,BlogPosting|ImageObject|Organization|Person|itemPage
/post/features-of-digital-marketing-a-comprehensive-guide,200,,Key Features of Digital Marketing for Business Growth,53,169,1,Features of Digital Marketing: A Comprehensive Guide,1177,9,0,BlogPosting|ImageObject|Organization|Person|itemPage
/post/features-of-online-marketing,200,,Essential Features of Online Marketing: Guide to Digital Success Strategies,75,146,1,The Essential Features of Online Marketing: Your Complete Guide to Digital Success,2092,7,1,BlogPosting|ImageObject|Organization|Person|itemPage
/post/freelance-digital-marketing-salary,200,,Freelance Digital Marketing Salary in India 2026 | Complete Guide,65,149,1,The Ultimate Guide To Freelance Digital Marketing Salary in India (2026),4442,11,0,BlogPosting|ImageObject|Organization|Person|itemPage
/post/freelance-digital-marketing-websites,200,,Best Freelance Digital Marketing Websites 2026,46,176,1,The Ultimate Guide to Freelance Digital Marketing Websites for 2026,2641,7,1,BlogPosting|ImageObject|Organization|Person|itemPage
/post/future-of-seo-in-india,200,,Future of SEO in India | What Changes and How to Adapt,54,152,1,The future of SEO in India: how AI is changing search and what to do about it,1355,7,0,BlogPosting|ImageObject|Organization|Person|itemPage
/post/google-ads-for-government-documents-and-services,200,,Mastering Google Ads for Government Documents and Services Business,67,177,1,Mastering Google Ads for Government Documents and Services,1667,13,0,BlogPosting|ImageObject|Organization|Person|itemPage
/post/hire-digital-marketing-freelancer-in-india,200,,Why Hire a Digital Marketing Freelancer in India | Eeatminds,60,154,1,Why Hiring a Digital Marketing Freelancer in India Can Transform Your Business,788,8,0,BlogPosting|ImageObject|Organization|Person|itemPage
/post/how-can-google-ads-help-you-achieve-your-business-objectives,200,,How Can Google Ads Help You Achieve Your Business Objectives | Complete 2026 Guide,82,181,1,How Can Google Ads Help You Achieve Your Business Objectives: Complete 2026 Guide,2362,7,1,BlogPosting|ImageObject|Organization|Person|itemPage
/post/how-digital-marketing-helps-small-business,200,,How Digital Marketing Helps Small Business in 2026,50,157,1,How Digital Marketing Helps Small Business Thrive in 2026,1544,7,0,BlogPosting|ImageObject|Organization|Person|itemPage
/post/how-does-social-media-marketing-affect-small-businesses,200,,how does social media marketing affect small businesses,55,160,1,How Does Social Media Marketing Affect Small Businesses?,1359,7,1,BlogPosting|ImageObject|Organization|Person|itemPage
/post/how-many-main-pillars-of-digital-marketing,200,,How Many Main Pillars of Digital Marketing: An In-Depth Guide,61,155,1,How Many Main Pillars of Digital Marketing: An In-Depth Guide,1484,7,0,BlogPosting|ImageObject|Organization|Person|itemPage
/post/how-seo-works-for-business,200,,How SEO Works for Business: Boost Your Online Presence,54,154,1,How SEO Works for Business: A Comprehensive Guide,1996,7,1,BlogPosting|ImageObject|Organization|Person|itemPage
/post/how-to-do-seo-for-android-app,200,,Effective SEO Tips for Your Android App | Step-by-Step Guide,60,98,1,How to Do SEO for Android Apps: A Comprehensive Guide,913,7,1,BlogPosting|ImageObject|Organization|Person|itemPage
/post/how-to-grow-business-online,200,,How to Grow Business Online | Proven Strategies for Success,59,176,1,How to Grow Business Online: A Comprehensive Guide,1516,8,0,BlogPosting|ImageObject|Organization|Person|itemPage
/post/how-to-improve-your-website-google-ranking-in-bangalore,200,,How to improve your website's Google ranking in Bangalore?,58,141,1,How to improve your website&#x27;s Google ranking in Bangalore?,511,7,1,BlogPosting|ImageObject|Organization|Person|itemPage
/post/how-to-promote-a-school-on-social-media,200,,How to Promote a School on Social Media | Boost Engagement,58,144,1,How to Promote a School on Social Media: Comprehensive Guide for Schools,1500,8,2,BlogPosting|ImageObject|Organization|Person|itemPage
/post/how-to-use-seo-keywords-in-instagram,200,,How to Use SEO Keywords in Instagram | Boost Your Visibility,60,145,1,How to Use SEO Keywords in Instagram Captions for Maximum Impact,1347,7,1,BlogPosting|ImageObject|Organization|Person|itemPage
/post/how-to-use-webmaster-tools,200,,How to Use Webmaster Tools: Boost Website Traffic | Eeat Minds,62,147,1,How to Effectively Use Webmaster Tools to Boost Your Website Traffic,1184,9,0,BlogPosting|ImageObject|Organization|Person|itemPage
/post/keyword-research-service,200,,Keyword Research Service | Boost Your SEO Rankings Today,56,153,1,Keyword Research Service: The Cornerstone of Digital Marketing Success,1656,7,1,BlogPosting|ImageObject|Organization|Person|itemPage
/post/local-seo-audit,200,,Local SEO Audit: Boost Your Local Search Visibility,51,144,1,Local SEO Audit: The Ultimate Guide to Boosting Your Local Search Presence,1278,9,0,BlogPosting|ImageObject|Organization|Person|itemPage
/post/off-page-seo,200,,Off-Page SEO Guide | 18 Advanced Techniques to Rank #1 in 2026,62,131,1,The Ultimate Guide to Off-Page SEO: 18 Game-Changing Techniques for 2026,5708,17,5,BlogPosting|ImageObject|Organization|Person|itemPage
/post/on-page-optimization-service,200,,On-Page Optimization Services | Boost Your Website's SEO,56,20,1,On-Page Optimization Services to Boost Your SEO,1100,7,0,BlogPosting|ImageObject|Organization|Person|itemPage
/post/on-page-optimization-services,200,,Expert On Page Optimization Services | Eeat Minds,49,131,1,On-Page Optimization Services: A Comprehensive Guide for Maximizing Your Website’s SEO Pot,2336,9,0,BlogPosting|ImageObject|Organization|Person|itemPage
/post/poem-framework-in-digital-marketing,200,,The POEM Framework in Digital Marketing: Maximizing Your Marketing Efforts,74,160,1,The POEM Framework in Digital Marketing: Maximizing Your Marketing Strategy,1194,8,0,BlogPosting|ImageObject|Organization|Person|itemPage
/post/principles-of-digital-marketing,200,,Principles of Digital Marketing: Build Your Online Success | Guide,66,184,1,Mastering the Principles of Digital Marketing: Your Path to Online Dominance,937,7,0,BlogPosting|ImageObject|Organization|Person|itemPage
/post/schema-markup-best-practices,200,,Dominate Search Rankings with Schema Markup Best Practices for SEO Success,74,145,1,Dominate Search Rankings with Schema Markup Best Practices for SEO Success,1739,7,0,BlogPosting|ImageObject|Organization|Person|itemPage
/post/scope-of-digital-marketing,200,,"Scope of Digital Marketing: Trends, Careers &amp; Strategies",60,190,1,Scope Of Digital Marketing,2005,7,0,BlogPosting|ImageObject|Organization|Person|itemPage
/post/scope-of-ppc-seo,200,,Scope of PPC &amp; SEO: Unlock Digital Marketing Synergy Today,62,162,1,Mastering the Scope of PPC &amp; SEO: Your Complete Guide to Digital Marketing Success,1641,8,2,BlogPosting|ImageObject|Organization|Person|itemPage
/post/seo-auditing-services,200,,Expert SEO Auditing Services for Optimized Website Performance,62,157,1,SEO Auditing Services: The Key to Unlocking Your Website’s Potential,1262,9,3,BlogPosting|ImageObject|Organization|Person|itemPage
/post/the-importance-of-b2b-marketing,200,,Importance of B2B Marketing: Why It Drives Business Growth,58,159,1,The Importance of B2B Marketing: How It Drives Success in the Digital Age,1605,9,2,BlogPosting|ImageObject|Organization|Person|itemPage
/post/top-5-freelance-digital-marketer-bangalore,200,,Top 5 Freelance Digital Marketer in Bangalore| A Detailed Guide,63,147,1,Top 5 Freelance Digital Marketer in Bangalore: A Detailed Guide,872,8,0,BlogPosting|ImageObject|Organization|Person|itemPage
/post/top-digital-marketing-freelancers-in-chennai,200,,Top 5 Digital Marketing Freelancers In Chennai | A Detailed Guide,65,149,1,Top 5 Digital Marketing Freelancers In Chennai : A Detailed Guide,1040,7,0,BlogPosting|ImageObject|Organization|Person|itemPage
/post/what-are-backlinks-in-seo,200,,What Are Backlinks in SEO? Boost Your Site's Rankings with Digital Marketing,76,68,1,What Are Backlinks In SEO And How They Enhanc Your Website&#x27;s Search Engine Ranking,1211,7,1,BlogPosting|ImageObject|Organization|Person|itemPage
/post/what-is-bidding-in-digital-marketing,200,,what is bidding in digital marketing | Full Guide,49,160,1,What is Bidding in Digital Marketing? Understanding the Basics and Beyond,1583,7,0,BlogPosting|ImageObject|Organization|Person|itemPage
/post/what-is-cpr,200,,What is CPR (cost per result) And How To Calculate It,53,132,1,What is CPR (cost per result) And How To Calculate It,1143,8,0,BlogPosting|ImageObject|Organization|Person|itemPage
/post/what-is-directory-submission-in-seo,200,,What is directory submission in seo | Eeat minds,48,163,1,What is Directory Submission in SEO and How Does it Work?,785,7,1,BlogPosting|ImageObject|Organization|Person|itemPage
/post/what-is-eeat-in-seo,200,,What is EEAT in SEO: A Guide to Enhanced Website Performanc,59,143,1,"A Comprehensive Guide to Expertise, Authoritativeness, and Trustworthiness in Digital Mark",790,7,1,BlogPosting|ImageObject|Organization|Person|itemPage
/post/what-is-freelance-digital-marketing,200,,What Is Freelance Digital Marketing? | A Complete Guide,55,158,1,What is Freelance Digital Marketing? A Complete Strategic Guide for Modern Businesses,1168,7,0,BlogPosting|ImageObject|Organization|Person|itemPage
/post/what-is-generative-engine-optimization,200,,What Is Generative Engine Optimization (GEO)? 2026 Guide,56,166,1,What Is Generative Engine Optimization?,2906,7,0,BlogPosting|ImageObject|Organization|Person|itemPage
/post/what-is-social-media-content-writing,200,,What is Social Media Content Writing | Eeat minds,49,155,1,What is Social Media Content Writing?,1321,7,1,BlogPosting|ImageObject|Organization|Person|itemPage
/post/what-is-traffic-in-digital-marketing,200,,What is Traffic in Digital Marketing: A Guide by Eeat Minds,59,153,1,What is Traffic in Digital Marketing: Understanding the Basics,943,7,0,BlogPosting|ImageObject|Organization|Person|itemPage
/post/what-is-visibility-in-digital-marketing,200,,What is Visibility in Digital Marketing | A Comprehensive Guide,63,56,1,What is Visibility in Digital Marketing?,916,7,1,BlogPosting|ImageObject|Organization|Person|itemPage
/post/what-is-web-2-0-in-seo,200,,What Is Web 2.0 in SEO? Understanding Its Impact &amp; Benefits,63,147,1,What is Web 2.0 in SEO? Exploring Its Impact and Benefits,1284,7,1,BlogPosting|ImageObject|Organization|Person|itemPage
/post/which-business-is-best-in-chennai,200,,Which Business is Best in Chennai | Top Profitable Ideas,56,143,1,Which Business is Best in Chennai: A Detailed Guide for Aspiring Entrepreneurs,1514,15,1,BlogPosting|ImageObject|Organization|Person|itemPage
/post/which-industry-needs-digital-marketing,200,,Discover Which Industries Need Digital Marketing Most,53,142,1,Which Industry Needs Digital Marketing? A Comprehensive Guide,1183,7,0,BlogPosting|ImageObject|Organization|Person|itemPage
/post/which-on-page-element-carries-the-most-weight-for-seo,200,,Which On-Page Element Carries the Most Weight for SEO,53,158,1,Which On-Page Element Carries the Most Weight for SEO?,1572,7,0,BlogPosting|ImageObject|Organization|Person|itemPage
/post/which-on-page-elements-carry-the-most-weight-for-seo,200,,Which On-Page Elements Carry the Most Weight for SEO,52,140,1,Which On-Page Elements Carry the Most Weight for SEO,1117,7,0,BlogPosting|ImageObject|Organization|Person|itemPage
/post/which-seo-plugin-is-best-for-wordpress,200,,Which SEO plugin is best for WordPress? Top 5 SEO Plugins,57,17,1,Which SEO Plugin is Best for WordPress,1247,8,0,BlogPosting|ImageObject|Organization|Person|itemPage
/post/why-choose-digital-marketing,200,,Why Choose Digital Marketing: Strategy Guide for Business Owners,64,168,1,Why Choose Digital Marketing: The Essential Strategy for Business Growth in 2026,1379,7,0,BlogPosting|ImageObject|Organization|Person|itemPage
/post/why-is-social-media-an-important-part-of-inbound-marketing,200,,Why is Social Media an Important Part of Inbound Marketing?,59,154,1,Why is Social Media an Important Part of Inbound Marketing?,1902,7,1,BlogPosting|ImageObject|Organization|Person|itemPage
/post/why-you-need-seo-for-your-business,200,,Why you need seo for your business | Eeat Minds,47,154,1,Why You Need SEO for Your Business: A Comprehensive Guide,1641,8,0,BlogPosting|ImageObject|Organization|Person|itemPage
/ppc-services,200,,Top PPC Services in Bangalore | ROI-Driven Ad Strategies,56,170,1,Precision-Targeted PPC Services in Bangalore for Maximum ROI,876,10,9,BreadcrumbList|ListItem
/privacy-policy,200,,Privacy Policy | Eeat Minds,27,75,1,Privacy Policy,2407,2,0,NONE
/real-estate-seo-services,200,,Real Estate SEO Services | EEAT Minds,37,185,1,Real Estate SEO Services That Put Your Properties in Front of Ready Buyers,1588,9,0,NONE
/seo-freelancer-in-bangalore,200,,SEO Freelancer in Bangalore | Shreyas V Patil — EEAT Minds,58,148,1,"SEO Freelancer In Bangalore, India",2234,125,12,Answer|BreadcrumbList|City|Country|FAQPage|ListItem|Person|PostalAddress|ProfessionalService|Question
/seo-service-for-dentists,200,,SEO Service for Dentists to Boost Your Practice's Online Presence,65,28,0,,814,8,3,NONE
/seo-services-for-doctors,200,,SEO Services for Doctors | Grow Your Medical Practice,53,156,1,SEO Services for Doctors: Enhance Your Visibility and Patient Reach,1224,17,5,NONE
/social-media-marketing-for-doctors,200,,Social Media Marketing for Doctors | Expert Services,52,164,1,Social media marketing for doctors,689,9,1,NONE
/terms-and-conditions,200,,Terms &amp; Conditions | Eeat Minds,35,36,1,Terms &amp; Conditions,445,2,0,NONE
